{
  "project_info": {
    "project_number": "263825783976",
    "project_id": "e2ee-13f96",
    "storage_bucket": "e2ee-13f96.firebasestorage.app"
  },
  "client": [
    {
      "client_info": {
        "mobilesdk_app_id": "1:263825783976:android:8f2192a50cd3aa975e969d",
        "android_client_info": {
          "package_name": "com.E2EE"
        }
      },
      "oauth_client": [],
      "api_key": [
        {
          "current_key": "AIzaSyBTlv9wChrTl7qV1_l0zTb6A2XcSLnIuhg"
        }
      ],
      "services": {
        "appinvite_service": {
          "other_platform_oauth_client": []
        }
      }
    }
  ],
  "configuration_version": "1"
}